"","ti","age","id","au","ve","nC","nP","nR","at","msg","path"
"1",2015-01-20 03:10:01,0.158152901588215,"z133ux1zqynjt1jai04cfl0aeozmd50av50","109792081837579676216","post",0,0,0,"photo","Allu Arjun, Trivikram&#39;s #Husharu ! @ http://goo.gl/yHZ1Qz #Alluarjun   #Samantha   #Trivikram  ﻿","https://plus.google.com/109792081837579676216"
"2",2015-01-19 15:14:49,0.654821227115613,"z13ad31wbw2ee3irb04cjbfg2kaeuvzwke4","105069700762249140042","post",0,0,0,"video","#Sonusood sorry to #Alluarjun#News #Telugunews #TelanganaNEWS #AndhraPradeshnews #abnnews﻿","https://plus.google.com/105069700762249140042"
"3",2015-01-19 09:48:38,0.881330745810712,"z12hxdgxvuqzhlkuc23it3fjao2vzjpvu","107471465938378724580","post",0,1,0,"photo","How was the Making Video Journal - 3 of Rudhramadevi#AlluArjun as #GonaGannaReddy? ? Don&#39;t forget to Subscribe to our Official YouTube channel ..We&#39;ve more videos coming up !http://youtu.be/nnmzubvoaroHere&#39;s a Freeze Frame Shot of Stylish Star #AlluArjun﻿","https://plus.google.com/107471465938378724580"
"4",2015-01-19 05:11:33,1.07375158490406,"z12kxlwxrsbrxl4kq23vwnyhto2usnjm4","115849892004072159478","post",0,1,0,"photo","#AlluArjun’s next film titled as Husharu﻿","https://plus.google.com/115849892004072159478"
"5",2015-01-19 04:36:48,1.09789296704862,"z13ecxgyjwesclb3m23pxtxakrvtzbw4h04","109877100101054999176","post",0,1,0,"article","#AlluArjun’s next film titled as #Husharu?To Watch this news click on the link ►► http://goo.gl/8xiU20  ﻿","https://plus.google.com/109877100101054999176"
"6",2015-01-18 06:47:37,2.00704402490071,"z12lfpej0o3ysn0aa04cjfdz2negepzb5qw0k","118271760954552713211","share",0,0,0,"article","Merry Christmas to all Allu Arjun Fans#MerryChristmas to All #AlluArjun fans﻿","https://plus.google.com/118271760954552713211"
"7",2015-01-17 12:56:08,2.7511279795512,"z13wjlnpkxahtvtev22wc1mpbwmdc1qtc","109792081837579676216","post",0,0,0,"photo","#AlluArjun&#39;s film fresh schedule details @ http://goo.gl/pdWUdo﻿","https://plus.google.com/109792081837579676216"
"8",2015-01-17 12:41:46,2.76109975020091,"z12twvppuoidtxbvi22ajvpieveaffpqm04","102934154256966017167","post",0,1,0,"article","Stylish Star in a love story flick ? http://bit.ly/1xB3YMq | #AlluArjun﻿","https://plus.google.com/102934154256966017167"
"9",2015-01-17 11:13:26,2.82244579122022,"z13hcli5ytflcfjia04cjfdz2negepzb5qw0k","118271760954552713211","share",0,0,0,"photo"," #alluarjun  ﻿","https://plus.google.com/118271760954552713211"
"10",2015-01-17 11:13:18,2.822535340499,"z12ytbewgquwszair04cjfdz2negepzb5qw0k","118271760954552713211","share",0,0,0,"photo"," #AlluArjun  ﻿","https://plus.google.com/118271760954552713211"
"11",2015-01-17 11:06:03,2.82758022611616,"z12vf5eg5tzbsh4lg23lyjejfsyngzypu04","117982673036305217675","share",0,0,0,"photo"," #alluarjun  ﻿","https://plus.google.com/117982673036305217675"
"12",2015-01-17 10:27:57,2.85403242296367,"z12efpawpv3nz35vx23ws3codzy4s1hvp","108725079662737555814","post",0,0,0,"article"," #vijaykumarkonda   #alluarjun   #megafamilyunited   #tollywoodmovies   #movies2015   #telugumovie  ﻿","https://plus.google.com/108725079662737555814"
"13",2015-01-17 05:30:02,3.06091647227053,"z132sr1i5qrwi3qco22zh55pqljgddguo","112741708539543231304","post",0,3,0,"photo"," #Alluarjun  New look From  #Rudhramadevi For More Latest Updates &gt;&gt;  http://bit.ly/1xmzWCy﻿","https://plus.google.com/112741708539543231304"
"14",2015-01-16 19:45:50,3.46661650838675,"z12bxrnxpnmydrdwf04cg1jjyrrlgn3p3o40k","117936954563187406730","post",0,1,0,"article"," #Rudhramadevi   #AnushkaShetty   #AlluArjun   #rudhramadevi-anushka  +AnushkaShetty ﻿","https://plus.google.com/117936954563187406730"
"15",2015-01-16 14:52:46,3.67013966383206,"z13qexybwvzujzkjl04ccbzqeyvzsphi20k","109738930938005410149","share",0,0,0,"photo"," #AlluArjun  Pic Of The DAy﻿","https://plus.google.com/109738930938005410149"
"16",2015-01-16 13:47:45,3.71528727523707,"z13ldryhwvvbylavy23uujsoun2pjtthr04","118271760954552713211","share",0,0,0,"photo"," #AlluArjun   #Selfie  ﻿","https://plus.google.com/118271760954552713211"
"17",2015-01-16 13:41:17,3.71977386163893,"z12xuhaqgoudvzb5g04cjfdz2negepzb5qw0k","118271760954552713211","share",0,0,0,"article","First Look Posters of #AlluArjun&#39;s Untitled Film, Jr NTR&#39;s &#39;Temper&#39; to Release SoonIt seems to be the season of first looks in Telugu film industry. It is already confirmed that the first look poster of Pawan Kalyan-Venkatesh&#39;s &quot;Gopala Gopala&quot; will be unveiled on Friday, 28 November. Now, the first look posters of Allu Arjun-Trivikram Sri...﻿","https://plus.google.com/118271760954552713211"
"18",2015-01-16 13:41:17,3.71977243823034,"z12hizxbbo2stlazl04cjfdz2negepzb5qw0k","118271760954552713211","share",0,0,0,"article","First Look Posters of #AlluArjun&#39;s Untitled Film, Jr NTR&#39;s &#39;Temper&#39; to Release SoonIt seems to be the season of first looks in Telugu film industry. It is already confirmed that the first look poster of Pawan Kalyan-Venkatesh&#39;s &quot;Gopala Gopala&quot; will be unveiled on Friday, 28 November. Now, the first look posters of Allu Arjun-Trivikram Sri...﻿","https://plus.google.com/118271760954552713211"
"19",2015-01-16 13:41:04,3.71992215027964,"z12xghv5zlqqt3o3r23uujsoun2pjtthr04","118271760954552713211","share",0,0,0,"article","#RaceGurram #Lucky #AlluArjun Fan made poster﻿","https://plus.google.com/118271760954552713211"
"20",2015-01-16 13:40:26,3.72036247599456,"z122u3kpfprxyb5eg23uujsoun2pjtthr04","118271760954552713211","share",0,0,0,"article","Still from Yevadu#Yevadu #alluarjun #ramcharan﻿","https://plus.google.com/118271760954552713211"
"21",2015-01-16 13:39:26,3.72106327303306,"z12ce3xxsoecjze4h04cjfdz2negepzb5qw0k","118271760954552713211","share",0,0,0,"article","#AlluArjun as #GonaGannaReddy New Look From #RudhramadeviHere&#39;s # AlluArjun as # GonaGannaReddy New Look From # Rudhramadevi﻿","https://plus.google.com/118271760954552713211"
"22",2015-01-16 13:39:26,3.72106426099936,"z13dcfayzrutudaj504cjfdz2negepzb5qw0k","118271760954552713211","share",0,0,0,"article","#AlluArjun as #GonaGannaReddy New Look From #RudhramadeviHere&#39;s # AlluArjun as # GonaGannaReddy New Look From # Rudhramadevi﻿","https://plus.google.com/118271760954552713211"
"23",2015-01-16 13:38:56,3.72140987190659,"z120hxmicoybibei204cjfdz2negepzb5qw0k","118271760954552713211","share",0,0,0,"article","Happy New Year 2015Happy New Year 2015  +TheAlluArjun   #alluarjun  +Allu Arjun Official Fan Page    +Allu Arjun  ﻿","https://plus.google.com/118271760954552713211"
"24",2015-01-16 13:38:56,3.7214117962867,"z13ptfnhwyvfhbif123uujsoun2pjtthr04","118271760954552713211","share",0,0,0,"article","Happy New Year 2015Happy New Year 2015  +TheAlluArjun   #alluarjun  +Allu Arjun Official Fan Page    +Allu Arjun  ﻿","https://plus.google.com/118271760954552713211"
"25",2015-01-15 17:26:41,4.56325296763193,"z13sw1wp0pjeytct323fdr5hiy3uixs5104","111852105096946151014","share",0,0,0,"article","#AlluArjun as #GonaGannaReddy New Look From #RudhramadeviHere&#39;s # AlluArjun as # GonaGannaReddy New Look From # Rudhramadevi﻿","https://plus.google.com/111852105096946151014"
"26",2015-01-15 16:01:03,4.62271642552758,"z12rzbkj3lqyt1aer22bgjia4pzecdipb04","111307286514129654519","post",0,0,0,"photo","#AlluArjun #Rudhramadevi Making Video Journal-3 @ http://goo.gl/iAUHPH﻿","https://plus.google.com/111307286514129654519"
"27",2015-01-15 15:17:05,4.65324526622615,"z13xwtrxdqind320i22wc1mpbwmdc1qtc","109792081837579676216","post",0,0,0,"photo","#AlluArjun as Gona Ganna Reddy Making Video @ http://goo.gl/v3pMxF﻿","https://plus.google.com/109792081837579676216"
"28",2015-01-15 11:20:32,4.81752287428964,"z122hzojonzeepcxg04cjbfg2kaeuvzwke4","105069700762249140042","post",0,0,0,"article","&#39;#Rudhramadevi&#39; #AlluArjun will prove to be a terrifying antagonist for #AnushkaShetty in #Gunasekhar&#39;s next#News #Telugunews #TelanganaNEWS #AndhraPradeshnews #abnnews﻿","https://plus.google.com/105069700762249140042"
"29",2015-01-15 05:42:59,5.05192553722748,"z13octuzhnubyb0xm04cctziptfhcthiquc0k","102934154256966017167","post",0,0,0,"article","Gona Ganna Reddy Making Video | #AlluArjun | #Rudhramadevicheck this out &gt;&gt;&gt;http://www.andhrawishesh.com/telugu-film-movies/movie-news/48360-gona-ganna-reddy-making-video.html﻿","https://plus.google.com/102934154256966017167"
"30",2015-01-15 04:34:15,5.0996647471769,"z121cvyz5qiyjjyzv04cibtxdxj3uhnzurc0k","117982673036305217675","share",0,0,0,"photo"," #alluarjun  &amp;  #hansika  ﻿","https://plus.google.com/117982673036305217675"
"31",2015-01-15 04:12:32,5.11474693375329,"z12autip4xrjdflld22mvbj5lybes5rzy04","105410583006682627600","post",0,0,0,"article","#AlluArjun  #Rudhramadevi   #AnushkaShetty  Rudhramadevi making video journal released﻿","https://plus.google.com/105410583006682627600"
"32",2015-01-14 23:49:01,5.29774365798743,"z12tj5cyxnfhtr5be04chzjjtrijszchwag","111787223860811188602","share",0,0,0,"article","#AlluArjun as #GonaGannaReddy New Look From #RudhramadeviHere&#39;s # AlluArjun as # GonaGannaReddy New Look From # Rudhramadevi﻿","https://plus.google.com/111787223860811188602"
"33",2015-01-14 17:50:09,5.54695553224396,"z12gi3u4xzqqhnald23yxrkikyihc3cjz04","115213941810980176175","post",0,0,0,"article"," #alluarjun   #rudhramadevi  ﻿","https://plus.google.com/115213941810980176175"
"34",2015-01-14 17:31:25,5.5599641216022,"z13gxvfhymi1xzvaj04cff0izkmstlcznj4","112588753288452682007","share",0,0,0,"article","#AlluArjun as #GonaGannaReddy New Look From #RudhramadeviHere&#39;s # AlluArjun as # GonaGannaReddy New Look From # Rudhramadevi﻿","https://plus.google.com/112588753288452682007"
"35",2015-01-14 15:05:40,5.66118142173246,"z13gfd5qbpybz5mgb04cfl0aeozmd50av50","109792081837579676216","post",0,0,0,"photo","Allu Arjun as #GonaGannaReddy New Look Still @ http://goo.gl/YuqjVa #Rudhramadevi   #Anushka   #AlluArjun  ﻿","https://plus.google.com/109792081837579676216"
"36",2015-01-14 09:49:03,5.8810544495864,"z13vuzp5dlesyv4ep22agprylwiptx14q04","102059973023662952188","post",0,0,0,"article","#AlluArjun going to war for #Rudramadevi. Sankranthi, Pongal Look.Allu Arjun’s look from Rudramadevi, Allu Arjun going to war for Rudramadevi. The all-new look of Allu Arjun as Gona Ganna Reddyf rom the much expected upcoming movie ” Rudramadevi ” unveiled. Allu Arjun looks ready to go to war for Rudramadevi. Anushka…﻿","https://plus.google.com/102059973023662952188"
"37",2015-01-14 08:57:30,5.9168454488698,"z13vz1bivtiaxvmba04ccxlxssmrxd15uow0k","111307286514129654519","post",0,0,0,"photo","#AlluArjun #Rudhramadevi New Still @ http://goo.gl/TAeheo#GonaGannaReddy ﻿","https://plus.google.com/111307286514129654519"
"38",2015-01-14 08:06:02,5.95259201727532,"z13sx1p5yoffyruwm04ce1konx3rv12ij4s","111580113905932367352","post",0,9,0,"article","#AlluArjun is Trending on facebook#AlluArjun is Trending on facebook as # GonaGannaReddy﻿","https://plus.google.com/111580113905932367352"
"39",2015-01-14 08:02:39,5.95494361438409,"z12kjxdy5ubnth5c422kg54zcxyscnnta","111580113905932367352","post",0,26,6,"article","#AlluArjun as #GonaGannaReddy New Look From #RudhramadeviHere&#39;s # AlluArjun as # GonaGannaReddy New Look From # Rudhramadevi﻿","https://plus.google.com/111580113905932367352"
"40",2015-01-14 07:53:14,5.96147602772823,"z12phjgzouaowjlyq04cj3lqlpurwrajqvk0k","110986304806132307882","share",0,0,0,"photo"," #alluarjun  is an  #excellent   co-star n it is fun working with him.. -SHRUTI HASSAN..  #racegurram  ﻿","https://plus.google.com/110986304806132307882"
"41",2015-01-14 07:45:07,5.96711990029999,"z13zxdqxeua0vxxoc04cc14hek2pi3dinoc0k","116891638592428806662","post",1,20,3,"photo"," #alluarjun  is an  #excellent   co-star n it is fun working with him.. -SHRUTI HASSAN..  #racegurram  ﻿","https://plus.google.com/116891638592428806662"
"42",2015-01-14 07:11:31,5.99045066250143,"z12jhzfbxyepjfty004ch1ty1p2otbaykeg","109023382916211402629","post",0,0,0,"album","Allu Arjun as Gona Ganna Reddy New Look Read Article @ http://bit.ly/1KImcpI#AlluArjun #GonaGannaReddy #Anushka #Rana #Rudhramadevi﻿","https://plus.google.com/109023382916211402629"
"43",2015-01-14 06:49:49,6.00551561521159,"z135gd4ytwjiepzxg04cctziptfhcthiquc0k","102934154256966017167","post",0,0,0,NA,"#AlluArjun&#39;s #Rudhramadevi new look |Terrific &gt;&gt;&gt;http://www.andhrawishesh.com/telugu-film-moves/movie-news/48354-allu-arjuns-rudhramadevi-new-look.html﻿","https://plus.google.com/102934154256966017167"
"44",2015-01-14 06:40:52,6.01173592407946,"z13ijvmozpmvgxniq04chv4hhwukfjxyrjc","107471465938378724580","post",0,0,0,"photo","Drum Rolls Here&#39;s Allu Arjun as Gona Ganna Reddy New Look! We also have #AlluArjun as #GonaGannaReddy in #Rudhramadevi Making Video Journal - 3 coming up this Jan15th, 2015 at 9 AM!Share &amp; Subscribe &gt;&gt;&gt; www.youtube.com/gunaateamworks﻿","https://plus.google.com/107471465938378724580"
"45",2015-01-13 18:30:23,6.51901806206063,"z13suveommmidr230234srmrfqinyzxaf04","100870563218263020300","post",0,1,0,"photo","Happy Bhogi Gemini TV Fans..Enjoy Sukumar B&#39;s #ARYA, Super Hit Romantic movie starring #StylishStar #AlluArjun﻿, #AnuMetha, #SivaBalaji, #Subbaraju and music by #DeviSriPrasad﻿ Today at 9 AM on Gemini TV.﻿","https://plus.google.com/100870563218263020300"
"46",2015-01-13 12:28:07,6.77058619726587,"z13jvvuivoexfbl2z22jetrx4sa3y5wsc","107377725628871075908","share",0,0,0,"video"," #NTR  Vs  #AlluArjun   Face-Off on #AlluArjun&#39;s #Racegurram song!﻿","https://plus.google.com/107377725628871075908"
"47",2015-01-13 12:27:43,6.77087250889451,"z13ezdy5akmmsrjln23tuv0o1mqqzz42l","105069700762249140042","post",0,0,0,"article","#AlluArjun #Rudramadevi teaser to be revealed on 15th#ABN #telugunews #tollywoodnews #dailynews#dailyupdates #latestupdates #latestnews﻿","https://plus.google.com/105069700762249140042"
"48",2015-01-13 11:00:06,6.83171649540188,"z12xyrogsofxvbrgk04cgrpayqz4txywbzw0k","106768315501019261399","post",0,0,0,"photo","Guess the movie name in which Stylish star #AlluArjun wore this #Funky Costume.Comment your right answer…..(Image copyrights belong to their respective owners)﻿","https://plus.google.com/106768315501019261399"
"49",2015-01-13 09:55:01,6.87690882062194,"z131zfqzhvjcw3unm235ybkqgpemunmte","101718756811529152460","post",1,2,4,"video"," #NTR  Vs  #AlluArjun   Face-Off on #AlluArjun&#39;s #Racegurram song!﻿","https://plus.google.com/101718756811529152460"
"50",2015-01-12 16:10:37,7.61607395037733,"z12qwxv4nsq5ulhee22wc1mpbwmdc1qtc","109792081837579676216","post",0,0,0,"photo","#AlluArjun #GonaGannaReddy Making Video on Sankranti @ http://goo.gl/2wxXO5﻿","https://plus.google.com/109792081837579676216"
"51",2015-01-11 08:18:38,8.94384118890873,"z12xdt3bawq4dnwno23jzftqsxfvyjmfx","101938026577849559499","post",0,1,1,NA,"very good news for All  #AlluArjun_Fans   ‪The Frist look of   #AlluArjun   And ‪   #Trivikram   un named movie would be releasing this sankranti and also fix tittle for the movie. #Double_Dhamaka_on_sankranti_occation_of_untittled_project_and_GonnaGannaReddy_making﻿","https://plus.google.com/101938026577849559499"
"52",2015-01-11 08:12:37,8.94801885178244,"z124wpqbsn2ej3ymv23jzftqsxfvyjmfx","101938026577849559499","post",1,6,1,"photo"," #AlluArjun   as  Gona Ganna Reddy  in   #Rudhramadevi   Making Video Journal - 3 this Jan15th, 2015 at 9 AM!﻿","https://plus.google.com/101938026577849559499"
"53",2015-01-10 16:03:22,9.62110499988552,"z12odhb41rmyuvqct23tuv0o1mqqzz42l","105069700762249140042","post",0,0,0,"video","#Movie War Between #JrNtr and #AlluArjun#ABN #telugunews #tollywoodnews #dailynews#dailyupdates﻿","https://plus.google.com/105069700762249140042"
"54",2015-01-10 01:40:53,10.2200566985872,"z13suztg2zyxdlsty22bgjia4pzecdipb04","111307286514129654519","post",0,0,0,"photo","#AlluArjun’s #GonaGannareddy Making Video soon @ http://goo.gl/YD0nUd﻿","https://plus.google.com/111307286514129654519"
"55",2015-01-09 13:12:50,10.7395358041839,"z12pu5hy4nehezpnp23cijkhcpadtro2n","109023382916211402629","post",0,0,0,"article","Allu Arjun Backed Out Read Article @ http://bit.ly/17pE75m #AlluArjun #Samantha #Trivikram #NithyaMenon #AdahSharma﻿","https://plus.google.com/109023382916211402629"
"56",2015-01-08 10:16:28,11.8620106450882,"z12gjbrbaw23xnmde23zifuo2kbaunb1v","110751382568495051971","post",0,0,0,"photo","#AlluArjun - #Trivikram movie postponed ?http://www.indiaglitz.com/Allu-Arjun--trivikram-Movie-Postponed--telugu-news-122737﻿","https://plus.google.com/110751382568495051971"
"57",2015-01-08 08:36:46,11.9312486532137,"z13vtp1g1vq3ivfpg04cjbfg2kaeuvzwke4","105069700762249140042","post",0,0,0,"article","#Bunny is confused with #ShekarKammula, #KoratalaShiva, and #BoyapatiSrinu #alluarjun  #ABN #telugunews #tollywoodnews #dailynews#dailyupdates﻿","https://plus.google.com/105069700762249140042"
"58",2015-01-07 07:56:44,12.9590557583587,"z13rfl0yrvnivp5ps04cdhiqjk2gurqwehw","116239647805234314478","share",0,0,0,"photo"," #StylishStar   #AlluArjun  from the movie  #Bunny  ﻿","https://plus.google.com/116239647805234314478"
"59",2015-01-06 18:13:07,13.5310038061633,"z12dut3zxzu0tfkmj23pzhh4plm2tznj504","113066821297686681014","share",0,1,0,"photo"," #AlluArjun  Pic Of The DAy﻿","https://plus.google.com/113066821297686681014"
"60",2015-01-06 18:12:05,13.5317279807671,"z12rx1ppjljvxvfwj04cirxpomqacfbyhwo0k","113066821297686681014","share",0,1,0,"photo"," #StylishStar   #AlluArjun  in  #SouthScope  Magazine....  #OldCollection  ﻿","https://plus.google.com/113066821297686681014"
"61",2015-01-04 14:02:14,15.7052271934378,"z12zhdtrtrntwjtop04cfl0aeozmd50av50","109792081837579676216","post",0,0,0,"photo","#AlluArjun - #Samantha film shoot in last stage @ http://goo.gl/Yv9R5D #trivikramsrinivas  ﻿","https://plus.google.com/109792081837579676216"
"62",2015-01-03 12:09:33,16.7834852295286,"z13bexuggxqeflz3y23cijkhcpadtro2n","109023382916211402629","post",0,0,0,"article","Mega Hero Shifted to SummerRead Article @ http://bit.ly/1xpGte7  #AlluArjun #Trivikram #Samantha #AdahSharma #NithyaMenon #Sneha #Upendra﻿","https://plus.google.com/109023382916211402629"
"63",2015-01-03 11:34:28,16.8078468600136,"z12lutlztqrajzcmi23zifuo2kbaunb1v","110751382568495051971","post",0,0,0,"article","#AlluArjun to work with Sekhar Kammula ?read here - http://www.indiaglitz.com/Allu-Arjun-To-Work-With-Sekhar-Kammula--telugu-news-122373﻿","https://plus.google.com/110751382568495051971"
"64",2015-01-02 10:16:14,17.8621723022064,"z133wfkqjx3nfhrin04cgrsy2tmpefeif5c","101718756811529152460","post",0,6,1,"video","Here&#39;s the result for the poll -- Top actors of 2014!#Venkatesh #Akkineni #Nagarjuna #RamCharan #AlluArjun #MaheshBabu﻿","https://plus.google.com/101718756811529152460"
"65",2015-01-02 09:09:49,17.90830198634,"z13zidsq0kvmi35hs04cdhvrxuekwpxywuc0k","100415523786813731551","post",0,0,0,"photo","#AlluArjun career forecast 2015  http://goo.gl/BEYmAbStylish Star of Tollywood, Allu Arjun has had a dhamakedaar year with his movie Race Gurram becoming a blockbuster hit.﻿","https://plus.google.com/100415523786813731551"
"66",2015-01-01 20:56:50,18.4173112417095,"z13aipb40o3wtlneg22dg1yhotzzwblxe04","105055946590334314882","post",0,0,0,"article","#Rudhramadevi Motion Poster feat. #AnushkaShetty - http://shar.es/1H4kZG#Tollywood #PrakashRaj #AlluArjun #3Dfilm﻿","https://plus.google.com/105055946590334314882"
"67",2015-01-01 20:56:49,18.417332913045,"z13yzf0ohx33tb45h04ch3sieyjvsvzgs2g","101991716444145727929","post",0,0,0,"article","#Rudhramadevi Motion Poster feat. #AnushkaShetty - http://shar.es/1H4kZG#Tollywood #PrakashRaj #AlluArjun #3Dfilm﻿","https://plus.google.com/101991716444145727929"
"68",2015-01-01 20:56:48,18.4173452678268,"z12leb2rzyqxgtjqq04cg5ni2zu3dxsikuo0k","113931963024010411795","post",0,0,0,"article","#Rudhramadevi Motion Poster feat. #AnushkaShetty - http://shar.es/1H4kZG#Tollywood #PrakashRaj #AlluArjun #3Dfilm﻿","https://plus.google.com/113931963024010411795"
"69",2015-01-01 20:56:46,18.4173682582737,"z13wypwaqoepvllly22nyhzjnti0e1fbz04","115713229187776062835","post",0,0,0,"article","#Rudhramadevi Motion Poster feat. #AnushkaShetty - http://shar.es/1H4kZG#Tollywood #PrakashRaj #AlluArjun #3Dfilm﻿","https://plus.google.com/115713229187776062835"
"70",2015-01-01 20:56:44,18.4173853579577,"z124gduqpmvdur1cs23xy1yztqnjydijv04","106016548847072221192","post",0,1,0,"article","#Rudhramadevi Motion Poster feat. #AnushkaShetty - http://shar.es/1H4kZG#Tollywood #PrakashRaj #AlluArjun #3Dfilm﻿","https://plus.google.com/106016548847072221192"
"71",2015-01-01 20:51:57,18.4207040766102,"z13gvfjgquartbtqq04cjvozklzahhgbwbk","108777183195758531844","post",0,2,0,"article","#Rudhramadevi Motion Poster feat. #AnushkaShetty - http://shar.es/1H4kZG#Tollywood #PrakashRaj #AlluArjun #3Dfilm﻿","https://plus.google.com/108777183195758531844"
"72",2014-12-31 15:31:38,19.6431532681485,"z12xgx4jxy3fxp0lk23awjox3tuqsbp1c","112887643357508907457","post",0,0,0,"article","Allu Arjun looks back at 2014 with joy and the handsome star is all set to rock 2015 as well http://www.channellive.tv/allus-awesome-2014/ #alluarjun #channellivetv﻿","https://plus.google.com/112887643357508907457"
"73",2014-12-31 15:07:47,19.6597175571019,"z13uez1zsomfj3iih04cgbxybvblvnfo3nw0k","103794396723793144162","post",0,0,0,"photo","#AlluArjun Wishing for a rocking 2015. Also don&#39;t miss #RaceGurram on Gemini TV at 9pm today.﻿","https://plus.google.com/103794396723793144162"
"74",2014-12-31 10:21:56,19.8582148805233,"z13whtnzgxqht3zg004chnmipm2azxtxmr40k","115137260167684421526","post",0,0,0,"article","#Anushka&#39;s 1st Motion #Poster - &#39;#Regal&#39; Look Of #Rudhramadevi#AlluArjun #Rana﻿","https://plus.google.com/115137260167684421526"
"75",2014-12-31 09:24:37,19.8980256477495,"z12gzpbwcuavxbwe022zh55pqljgddguo","112741708539543231304","post",1,2,1,"photo","#Rudhramadevi Latest Poster Design#Anushka #Rana #AlluArjun #Gunashekar﻿","https://plus.google.com/112741708539543231304"
"76",2014-12-31 09:03:45,19.9125195917873,"z12nwb25gzfsgto5s04cjzij3wr2cvfx504","101312955470186443683","share",0,4,0,"photo","#LuckyTheRacer - Enjoy the superhit Hindi Dubbed movie Lucky The Racer (Race Gurram) starring #AlluArjun, #ShrutiHassan exclusively on #MyBollywoodStars #HindiDubbedMovies #SuperhitMovies click the link to watch the movie now...http://mybollywoodstars.blogspot.com/2014/12/allu-arjun-lucky-the-racer-fullmovie-online-in-hd.html﻿","https://plus.google.com/101312955470186443683"
"77",2014-12-31 06:09:36,20.0334490809121,"z13zdtnzetilvr1aj04chr4xfki3tpozwao","112770998491515304944","post",0,2,1,"photo","How many +1 for My #StylishStar #AlluArjun ﻿","https://plus.google.com/112770998491515304944"
"78",2014-12-31 03:30:09,20.1441806345516,"z13ptn1x4vqxuzxfz234srmrfqinyzxaf04","100870563218263020300","post",0,4,1,"photo","Enjoy and Celebrate New Year&#39;s Eve watching ‪#‎RaceGurram‬, Block Buster Romantic Action Adventure film starring ‪#‎StylishStar‬ #AlluArjun, #ShrutiHaasan, ‪#‎Shaam‬, #PrakashRaj and music by #ThamanS Today at 9 PM only on GeminiTV.﻿","https://plus.google.com/100870563218263020300"
"79",2014-12-30 18:21:06,20.5254620029363,"z13advyxclbqjzrwo04cctmqzublurbo4ms0k","102059973023662952188","post",0,0,0,"article","2014 belongs to #AlluArjun for his best success. #Stylishstar2014 can be termed as the year of Allu Arjun. He has become a Father and also scored the Biggest Hit of his film career. After nearly starting his career 13 years ago, with a guest appearance in Megastar Chiranjeevi’s Daddy. Allu Arjun had his own release…﻿","https://plus.google.com/102059973023662952188"
"80",2014-12-29 14:59:03,21.6657746641641,"z124envoqquqe1qq004cctmqzublurbo4ms0k","102059973023662952188","post",0,0,0,"article","#RakulPreet Makes a Big Mistake. Fans Hurt, #MaheshBabu, #RamCharan, #AlluArjun, #PawankalyanRakul Preet Makes a big mistake as a growing actress. Rakul Preet Singh who made an appearance on Meela Evaru Koteeswarudu made a huge mistake in the show. When Mr. Nagarjuna asked who her favourite actor was she chose to mention only Pawan Kalyan and…﻿","https://plus.google.com/102059973023662952188"
"81",2014-12-29 06:56:50,22.0006554273654,"z13ssvvzlyn1cr4fn231zjlytwiwux0wz04","103794396723793144162","post",0,0,0,"photo","Makers of #AlluArjun - #TrivikramSrinivas movie canning important scenes on lead pair in Hyderabad. The film is touted as a mass entertainer with all elements of a typical Allu Arjun film.﻿","https://plus.google.com/103794396723793144162"
"82",2014-12-28 19:22:25,22.4828822016302,"z12exbbq1tuqy5trg04ch3hqqyb0f5hpxo00k","109751664380690908731","post",0,0,0,"article","#iddarammayilatho  #alluarjun   #amalapaul  ﻿","https://plus.google.com/109751664380690908731"
"83",2014-12-28 15:08:03,22.6595329342562,"z12msvww5mm5x1jxr04ce1konx3rv12ij4s","111580113905932367352","post",3,29,3,"article","Happy New Year 2015Happy New Year 2015  +TheAlluArjun   #alluarjun  +Allu Arjun Official Fan Page    +Allu Arjun  ﻿","https://plus.google.com/111580113905932367352"
"84",2014-12-28 13:50:10,22.7136190581101,"z123cbhgol3iyhyxw04ch3drfvm2wharlqs0k","116383938776286465432","post",0,0,0,"article","Upcoming Telugu Movies 2015Must check =&gt; http://www.wittyscoop.com/entertainment/south/upcoming-telugu-movies-2015/ #raviteja   #maheshbabu   #prakashraj   #pawankalyan   #venkatesh   #gopalagopala   #Temper   #JrNTR   #alluarjun   #trivikramsrinivas   #balakrishna   #rudhramadevi   #kick2   #gabbarsingh2    #baahubali   #ramcharan  ﻿","https://plus.google.com/116383938776286465432"
"85",2014-12-28 09:50:48,22.8798418387108,"z13djd1ahunftdfcz22mvbj5lybes5rzy04","105410583006682627600","post",0,0,0,"article","Top Grossing Telugu Films of 2014  #RaceGurram   #Manam   #Yevadu   #AlluArjun   #RamCharan   #Nagarjuna  ﻿","https://plus.google.com/105410583006682627600"
"86",2014-12-27 12:29:19,23.7697611845395,"z12dh3d4xlvwezi5x04cff0izkmstlcznj4","112588753288452682007","share",0,1,0,"photo"," #allusirish   #alluarjun  ﻿","https://plus.google.com/112588753288452682007"
"87",2014-12-27 12:22:52,23.7742430464151,"z12ednsbwxqthlkj304cff0izkmstlcznj4","112588753288452682007","share",0,2,0,"photo"," #AlluArjun  Pic Of The DAy﻿","https://plus.google.com/112588753288452682007"
"88",2014-12-27 10:25:34,23.8557029209562,"z12aufjgolbwy1oy304ch1ty1p2otbaykeg","109023382916211402629","post",0,0,0,"article","Bhallaladeva’s Selfie With Gona Ganna Reddy Read Article @ http://bit.ly/1t8cUZg#Baabubali #Rana #AlluArjun﻿","https://plus.google.com/109023382916211402629"
"89",2014-12-27 09:16:30,23.9036565395196,"z13mgtgpmnuiydfkf22iyxzhssfzehzwo04","103202536926537687683","post",0,1,0,"photo","Pooja Hegde With Bunny Read Here:http://goo.gl/3DFXDU#poojahegde #bunny #alluarjun #moviemint #poojahegdewithbunny﻿","https://plus.google.com/103202536926537687683"
"90",2014-12-26 16:26:56,24.6047460729712,"z135fd3xxxvwjdffe22khtlp0szsdvnrq04","108027576465264259659","post",2,29,2,"photo","#Jr_Allu Cuteee X&#39;mas #AlluAyaan #AlluArjun #SwathyReddy #Tollywood﻿","https://plus.google.com/108027576465264259659"
"91",2014-12-26 14:08:01,24.7012162329808,"z13xj3ho3m3iyhhsy23cuzdjhmzzhn4my","107336973279413448880","post",0,0,0,"photo","#AlluArjun posts a picture of his son #AlluAyaan in a little #SantaClaus costume have look @﻿","https://plus.google.com/107336973279413448880"
"92",2014-12-26 07:33:29,24.9752031121099,"z130fl4q5qfsxrtgo04cgbxybvblvnfo3nw0k","103794396723793144162","post",0,0,0,"photo","Rana Daggubati Latest #Selfie With #AlluArjun﻿","https://plus.google.com/103794396723793144162"
"93",2014-12-26 06:38:05,25.0136709203764,"z13tzhrxgpe0db5bz04cgrsy2tmpefeif5c","101718756811529152460","post",0,1,0,"video","#NagaBabu about #RamCharan and #AlluArjun analysis on #Mukunda!﻿","https://plus.google.com/101718756811529152460"
"94",2014-12-26 06:34:35,25.0161031870185,"z12rd3foxtzad1hka22oizdzzu3wh12we04","104373442735726703768","share",0,4,0,NA," #alluarjun  fans please join this community ﻿","https://plus.google.com/104373442735726703768"
"95",2014-12-26 06:32:41,25.0174261400407,"z12cwndglzbcyhllg22kg54zcxyscnnta","111580113905932367352","post",1,15,1,NA," #alluarjun  fans please join this community ﻿","https://plus.google.com/111580113905932367352"
"96",2014-12-25 13:58:12,25.7080370569257,"z13kvbdgcn3uvtxxm04chbtp5sr4dfb5psc0k","110522786033402977659","post",0,6,1,"photo","#LuckyTheRacer - Enjoy the superhit Hindi Dubbed movie Lucky The Racer (Race Gurram) starring #AlluArjun, #ShrutiHassan exclusively on #MyBollywoodStars #HindiDubbedMovies #SuperhitMovies click the link to watch the movie now...http://mybollywoodstars.blogspot.com/2014/12/allu-arjun-lucky-the-racer-fullmovie-online-in-hd.html﻿","https://plus.google.com/110522786033402977659"
"97",2014-12-25 09:00:09,25.9150201622066,"z124xfobnpiyv3hba04ciryhwwzhe1wwi2w","111386480948869010787","share",0,0,0,"photo"," #Flashbackfriday  Here&#39;s the  #RarePic‬   of  #Happy   #allufamily   #Alluaravind   #Alluarjun   #Allusirish   #happymoments   #memories   ‪﻿","https://plus.google.com/111386480948869010787"
"98",2014-12-25 06:43:29,26.0099212528876,"z13svpfaok2puxmyg04celvxbzzcjlo4flc0k","104373442735726703768","share",0,15,1,"article","Merry Christmas to all Allu Arjun Fans#MerryChristmas to All #AlluArjun fans﻿","https://plus.google.com/104373442735726703768"
"99",2014-12-24 13:52:25,26.7120525346062,"z12vtrc5ozmbvvohv04ce1konx3rv12ij4s","111580113905932367352","post",1,35,6,"article","Merry Christmas to all Allu Arjun Fans#MerryChristmas to All #AlluArjun fans﻿","https://plus.google.com/111580113905932367352"
"100",2014-12-24 10:34:12,26.8497024351828,"z132e1jj5yqhj3pgo04ce1konx3rv12ij4s","111580113905932367352","post",2,16,2,"article","Allu Arjun’s film with Prabhas’s DirectorHere is the latest buzz making rounds in the tinsel town that Stylish Star #AlluArjun and director #Koratala Siva are teaming up for a new movie. An official announcement is awaited though. The script work is currently under progress, and if all goes well t...﻿","https://plus.google.com/111580113905932367352"
"101",2014-12-23 04:14:14,28.1135667235239,"z132ytg4yrr1xjsi104cjrjxpkb4x3vp1ag","109128427527317512326","share",0,0,0,"photo","Don&#39;t Miss #SukumarB&#39;s Blockbuster Romantic Hit Movie #ARYA2 starring Stylish Star #AlluArjun, #KajalAggarwal, #Navdeep, #Brahmanandam and music by #DeviSriPrasad Today at 3 pm on +Gemini TV .﻿","https://plus.google.com/109128427527317512326"
"102",2014-12-22 17:19:13,28.5684459140538,"z13nffzqjwf3ijgoh04cfl0aeozmd50av50","109792081837579676216","post",0,0,0,"photo","#AlluArjun to team up with Koratala Shiva ? @ http://goo.gl/AIniUA #Koratalashiva   #Maheshbabu   #shruthihassan   #Samantha   #adahsharma   #nityamenon  ﻿","https://plus.google.com/109792081837579676216"
"103",2014-12-22 10:04:28,28.8703575931793,"z13qtjmyjnb0h5zky23uxvsjynmugva2e","104249439138332453745","share",0,0,0,"photo"," #StylishStar   #AlluArjun  in  #SouthScope  Magazine....  #OldCollection  ﻿","https://plus.google.com/104249439138332453745"
"104",2014-12-22 07:14:11,28.9886044012341,"z131wrgzau3yxn3gv04chnmipm2azxtxmr40k","115137260167684421526","post",0,0,0,"article","#Baahubali #Making - Visualising the #world of Baahubali#Prabhash #Anushka #Rana #Tamannah #AlluArjun﻿","https://plus.google.com/115137260167684421526"
"105",2014-12-22 06:11:24,29.032201248595,"z12yjh0ogrzbw3ife234srmrfqinyzxaf04","100870563218263020300","post",0,9,1,"photo","Don&#39;t Miss #SukumarB&#39;s Blockbuster Romantic Hit Movie #ARYA2 starring Stylish Star #AlluArjun, #KajalAggarwal, #Navdeep, #Brahmanandam and music by #DeviSriPrasad Today at 3 pm on +Gemini TV .﻿","https://plus.google.com/100870563218263020300"
"106",2014-12-21 07:56:22,29.9593123001026,"z125e5zpqpm5cfiq004cdjkwtubgw1gwbfk","100089034326735114174","post",14,87,5,"photo"," #StylishStar   #AlluArjun  in  #SouthScope  Magazine....  #OldCollection  ﻿","https://plus.google.com/100089034326735114174"
"107",2014-12-20 10:26:04,30.8553580064575,"z13ux3mgomabuj3wn04chbnq0ki3e51bads","112308464393879198986","post",0,0,0,"article","#AlluArjun and #PawanKalyan’s guest role in #Mukunda?Check here::►► http://goo.gl/91OR6c﻿","https://plus.google.com/112308464393879198986"
"108",2014-12-19 13:38:49,31.7214998459954,"z13phf5axmmxsbgmx23bulypftmpyzdgf04","114546897201462752230","share",0,0,0,"photo"," #AlluArjun  ﻿","https://plus.google.com/114546897201462752230"
"109",2014-12-19 11:29:38,31.811213182451,"z12mu1jousmsjdxjs04cctmqzublurbo4ms0k","102059973023662952188","post",0,0,0,"article","Who would be making a special appearance in #Mukunda? What is the surprise element? #Ram Charan, #AlluArjun #PawanWho would be making a special appearance in the climax of the movie? Varun Tej’s debut movie is creating more buzz than others. Varun Tej is from mega family and he is one of the most handsome heroes to debut in Telugu. It is also being said that if he…﻿","https://plus.google.com/102059973023662952188"
"110",2014-12-19 07:04:50,31.9950984561554,"z120dblafvuly14jk04cdjuxhlfrj3tybqc0k","113562279888585796916","post",0,0,0,"article","#MaheshBabu Pips #PawanKalyan, #AlluArjun, #Prabhas to Become Most-Searched #TeluguStar on #Googlehttp://bit.ly/1r5kyaT﻿","https://plus.google.com/113562279888585796916"
"111",2014-12-18 13:03:29,32.7460422640791,"z12pc1qipkyihrgb504cdnsqpl2egbfqyi4","115832050020991776013","post",0,0,1,"article","Watch Down Down Song with Lyrics from #RaceGurram Movie       #AlluArjun #Shruti... http://ow.ly/2Sh5sE﻿","https://plus.google.com/115832050020991776013"
"112",2014-12-18 07:31:27,32.9766115238048,"z13adblxemiwx5jl423ptzhz5lyuuhgdf","117440237209823138742","post",0,0,0,"article","#AlluArjun &amp; #Trivikram movie has been titled as #Trishoolam.Read More: http://goo.gl/zQeWT7#Tollywood #CrazyCombination #NityaMenon #Samantha #AdahSharma #Sneha﻿","https://plus.google.com/117440237209823138742"
"113",2014-12-17 17:01:47,33.5805543049066,"z12qh1ixewnyylzsc23nsz1zjurcdthki","110332431969824339802","post",0,0,0,"article","#chukkuvellam | Meaghaman: 2014 biggest profit films #myfavs #thalapathy&#39;s #kaththi, telugu #alluarjun&#39;s #raceguram, malayalam #dulquer&#39;s #bangaloredays | #chukkuvellam http://ow.ly/2Se9Um﻿","https://plus.google.com/110332431969824339802"
"114",2014-12-17 15:50:07,33.6303256339193,"z13wddfbtq3xthpn122kg54zcxyscnnta","111580113905932367352","post",2,21,0,"article","Allu Arjun Unseen still from movie Varudu#AlluArjun Unseen still from movie #Varudu﻿","https://plus.google.com/111580113905932367352"
"115",2014-12-17 06:54:18,34.0024129259393,"z12ktrtbpmy5ff4px04cdjkwtubgw1gwbfk","100089034326735114174","post",8,72,1,"photo"," #StylishStar   #AlluArjun  from the movie  #Bunny  ﻿","https://plus.google.com/100089034326735114174"
"116",2014-12-16 19:01:35,34.4973531494786,"z12au54iwxu2vz3f5234srmrfqinyzxaf04","100870563218263020300","post",0,1,0,"photo","Watch Stylish Star #AlluArjun&#39;s VARUDU movie starring #Arya, #BhanuSriMehra, #Suhasini music by #ManiSharma today at 9 am on +Gemini TV. ﻿","https://plus.google.com/100870563218263020300"
"117",2014-12-16 07:03:11,34.9962410580201,"z12se3mgssegzzbxh04ce1konx3rv12ij4s","111580113905932367352","post",0,4,0,"article","Hero Aadi and Aruna Wedding Reception - #Chiranjeevi, #Nagarjuna, #AlluArjun﻿","https://plus.google.com/111580113905932367352"
"118",2014-12-14 05:18:55,37.0686515141968,"z13ku5vattrli54f122kg54zcxyscnnta","111580113905932367352","post",1,9,2,"article","#AlluArjun New Stills﻿","https://plus.google.com/111580113905932367352"
"119",2014-12-13 14:16:59,37.6950000637908,"z13ywzczzznmx104k04celvxbzzcjlo4flc0k","104373442735726703768","share",0,14,0,"article","Still from Yevadu#Yevadu #alluarjun #ramcharan﻿","https://plus.google.com/104373442735726703768"
